name,email,phone,address,pan_number,
#{usr_name},,,,,
name,email,phone,address,pan_number,
dsjksd,fjdhks,,fjkhfd,fjdhks,
name,email,phone,address,pan_number,
hello,everyone@gmail.com,,fdl 123,everyone@gmail.com,
name,email,phone,address,pan_number,
hema,hema@gmail.com,0,hema 1241,,
name,email,phone,address,pan_number,
doulat sir,doulat@gmail.com,0,shivpuri,,
name,email,phone,address,pan_number,
akshada,ashu@gmail.com,0,Sundar nagar extension,,
name,email,phone,address,pan_number,
bhai,bhai@gmail.com,0,humangali indore,PRIN687,2
name,email,phone,address,pan_number,
ldfkjsd,fkdjslkd,,ruwoei,"ncx,m",4
name,email,phone,address,pan_number,
prabhu,raksha@gmail.com,0,fhkjah,fieow,3
name,email,phone,address,pan_number,account_number
rjl,fs.mf,,fklasf,flfs,56164650963
name,email,phone,address,pan_number,account_number
ureoiu,kjfdhsflkd,,"vmn,mvc",fkdlhkl,33309819773
name,email,phone,address,pan_number,account_number
kajal,kajal@gmail.com,,pithampur,987123,79969143955
name,email,phone,address,pan_number,account_number
happy,myemail@jfdk,,fkd,fkshfsdk,58346898096
name,email,phone,address,pan_number,account_number
sheetal,sheetal@gmail.com,,jhkfdlh,sfdkhsfd,50913272018
name,email,phone,address,pan_number,account_number
sd,sad,,sd,sd,28953863613
name,email,phone,address,pan_number,account_number
qwe,eee,,eee,eee,6591252105
name,email,phone,address,pan_number,account_number
ss,ss,,ss,ss,25499669069
name,email,phone,address,pan_number,account_number
QWREWR,WERWE,,ERWER,WERWER,96811175561
name,email,phone,address,pan_number,account_number
111,111,,111,111,1891264812
